{
  "global_sir": {
    "rmse": {
      "mean": 0.2865764316505799,
      "std": 0.13192067270442556
    },
    "mae_final": {
      "mean": 0.2454012143277059,
      "std": 0.08789705211135819
    }
  },
  "degree_sir": {
    "rmse": {
      "mean": 0.22292873164197932,
      "std": 0.12353023562349467
    },
    "mae_final": {
      "mean": 0.15095190045355789,
      "std": 0.08952048889946283
    }
  },
  "constant": {
    "rmse": {
      "mean": 0.28656456243029216,
      "std": 0.13191915256397063
    },
    "mae_final": {
      "mean": 0.24537415621200673,
      "std": 0.08789054164724425
    }
  },
  "ngen": {
    "rmse": {
      "mean": 0.1475648283958435,
      "std": 0.07835689932107925
    },
    "mae_final": {
      "mean": 0.15708236396312714,
      "std": 0.07949896156787872
    }
  },
  "num_samples": 99
}