{"rmse": 0.011014972813427448, "mae_final": 0.10073331743478775, "tpe": 27.158854166666668}